Workbook

Sheet 目標タイム
A1: 目標タイム表（この時間で描けるようになるのが目標）
A3: 種目 | B3: 目標(分) | C3: 何をする時間か
A4: 読み取り | B4: 25 | C4: 問題文を読んで条件を書き出すまで
A5: エスキス | B5: 60 | C5: 間取りを決めて下書きが固まるまで
A6: 記述 | B6: 25 | C6: 計画の要点等をすべて書き終えるまで
A7: 1階平面図兼配置図 | B7: 40 | C7: 1階の平面図と配置図
A8: 2階平面図 | B8: 30 | C8: 2階の平面図
A9: 3階平面図 | B9: 25 | C9: 3階の平面図
A10: 床伏図兼小屋伏図 | B10: 35 | C10: 骨組みの図
A11: 立面図 | B11: 20 | C11: 横から見た図
A12: 部分詳細図1/20 | B12: 25 | C12: 外壁の断面
A13: 面積表 | B13: 5 | C13: 各階と延べ面積
A14: 通し（5時間） | B14: 300 | C14: 本番と同じ流れを最初から最後まで
A16: ※ 図面だけの合計 ＝ 180分。読み取り・エスキス・記述を入れて290分。5時間＝300分なので、余りは10分しかない。

Sheet 記録
A1: タイムトライアル記録
A2: B列で種目を選ぶと目標分が自動で入ります。D列に実際にかかった分を入れてください。
A4: 日付 | B4: 種目 | C4: 目標(分) | D4: 実際(分) | E4: 差(分) | F4: 何回目 | G4: できなかったこと・気づき
C5: =IF($B5="","",IFERROR(VLOOKUP($B5,目標タイム!$A:$B,2,FALSE),"")) | E5: =IF(OR($C5="",$D5=""),"",$D5-$C5) | F5: =IF($B5="","",COUNTIF($B$5:$B5,$B5))
C6: =IF($B6="","",IFERROR(VLOOKUP($B6,目標タイム!$A:$B,2,FALSE),"")) | E6: =IF(OR($C6="",$D6=""),"",$D6-$C6) | F6: =IF($B6="","",COUNTIF($B$5:$B6,$B6))
C7: =IF($B7="","",IFERROR(VLOOKUP($B7,目標タイム!$A:$B,2,FALSE),"")) | E7: =IF(OR($C7="",$D7=""),"",$D7-$C7) | F7: =IF($B7="","",COUNTIF($B$5:$B7,$B7))
C8: =IF($B8="","",IFERROR(VLOOKUP($B8,目標タイム!$A:$B,2,FALSE),"")) | E8: =IF(OR($C8="",$D8=""),"",$D8-$C8) | F8: =IF($B8="","",COUNTIF($B$5:$B8,$B8))
C9: =IF($B9="","",IFERROR(VLOOKUP($B9,目標タイム!$A:$B,2,FALSE),"")) | E9: =IF(OR($C9="",$D9=""),"",$D9-$C9) | F9: =IF($B9="","",COUNTIF($B$5:$B9,$B9))
C10: =IF($B10="","",IFERROR(VLOOKUP($B10,目標タイム!$A:$B,2,FALSE),"")) | E10: =IF(OR($C10="",$D10=""),"",$D10-$C10) | F10: =IF($B10="","",COUNTIF($B$5:$B10,$B10))
C11: =IF($B11="","",IFERROR(VLOOKUP($B11,目標タイム!$A:$B,2,FALSE),"")) | E11: =IF(OR($C11="",$D11=""),"",$D11-$C11) | F11: =IF($B11="","",COUNTIF($B$5:$B11,$B11))
C12: =IF($B12="","",IFERROR(VLOOKUP($B12,目標タイム!$A:$B,2,FALSE),"")) | E12: =IF(OR($C12="",$D12=""),"",$D12-$C12) | F12: =IF($B12="","",COUNTIF($B$5:$B12,$B12))
C13: =IF($B13="","",IFERROR(VLOOKUP($B13,目標タイム!$A:$B,2,FALSE),"")) | E13: =IF(OR($C13="",$D13=""),"",$D13-$C13) | F13: =IF($B13="","",COUNTIF($B$5:$B13,$B13))
C14: =IF($B14="","",IFERROR(VLOOKUP($B14,目標タイム!$A:$B,2,FALSE),"")) | E14: =IF(OR($C14="",$D14=""),"",$D14-$C14) | F14: =IF($B14="","",COUNTIF($B$5:$B14,$B14))
C15: =IF($B15="","",IFERROR(VLOOKUP($B15,目標タイム!$A:$B,2,FALSE),"")) | E15: =IF(OR($C15="",$D15=""),"",$D15-$C15) | F15: =IF($B15="","",COUNTIF($B$5:$B15,$B15))
C16: =IF($B16="","",IFERROR(VLOOKUP($B16,目標タイム!$A:$B,2,FALSE),"")) | E16: =IF(OR($C16="",$D16=""),"",$D16-$C16) | F16: =IF($B16="","",COUNTIF($B$5:$B16,$B16))
... C204: =IF($B204="","",IFERROR(VLOOKUP($B204,目標タイム!$A:$B,2,FALSE),"")) | E204: =IF(OR($C204="",$D204=""),"",$D204-$C204) | F204: =IF($B204="","",COUNTIF($B$5:$B204,$B204))

Sheet 集計
A1: 種目ごとの記録
A3: 種目 | B3: 目標 | C3: 回数 | D3: 最速 | E3: 平均 | F3: 直近 | G3: 達成
A4: 読み取り | B4: 25 | C4: =COUNTIFS(記録!$B:$B,$A4,記録!$D:$D,">0") | D4: =IF($C4=0,"",MINIFS(記録!$D:$D,記録!$B:$B,$A4)) | E4: =IF($C4=0,"",ROUND(AVERAGEIFS(記録!$D:$D,記録!$B:$B,$A4,記録!$D:$D,">0"),1)) | F4: =IF($C4=0,"",LOOKUP(2,1/((記録!$B$5:$B$204=$A4)*(記録!$D$5:$D$204>0)),記録!$D$5:$D$204)) | G4: =IF($C4=0,"—",IF($F4<=$B4,"達成","あと"&ROUND($F4-$B4,1)&"分"))
A5: エスキス | B5: 60 | C5: =COUNTIFS(記録!$B:$B,$A5,記録!$D:$D,">0") | D5: =IF($C5=0,"",MINIFS(記録!$D:$D,記録!$B:$B,$A5)) | E5: =IF($C5=0,"",ROUND(AVERAGEIFS(記録!$D:$D,記録!$B:$B,$A5,記録!$D:$D,">0"),1)) | F5: =IF($C5=0,"",LOOKUP(2,1/((記録!$B$5:$B$204=$A5)*(記録!$D$5:$D$204>0)),記録!$D$5:$D$204)) | G5: =IF($C5=0,"—",IF($F5<=$B5,"達成","あと"&ROUND($F5-$B5,1)&"分"))
A6: 記述 | B6: 25 | C6: =COUNTIFS(記録!$B:$B,$A6,記録!$D:$D,">0") | D6: =IF($C6=0,"",MINIFS(記録!$D:$D,記録!$B:$B,$A6)) | E6: =IF($C6=0,"",ROUND(AVERAGEIFS(記録!$D:$D,記録!$B:$B,$A6,記録!$D:$D,">0"),1)) | F6: =IF($C6=0,"",LOOKUP(2,1/((記録!$B$5:$B$204=$A6)*(記録!$D$5:$D$204>0)),記録!$D$5:$D$204)) | G6: =IF($C6=0,"—",IF($F6<=$B6,"達成","あと"&ROUND($F6-$B6,1)&"分"))
A7: 1階平面図兼配置図 | B7: 40 | C7: =COUNTIFS(記録!$B:$B,$A7,記録!$D:$D,">0") | D7: =IF($C7=0,"",MINIFS(記録!$D:$D,記録!$B:$B,$A7)) | E7: =IF($C7=0,"",ROUND(AVERAGEIFS(記録!$D:$D,記録!$B:$B,$A7,記録!$D:$D,">0"),1)) | F7: =IF($C7=0,"",LOOKUP(2,1/((記録!$B$5:$B$204=$A7)*(記録!$D$5:$D$204>0)),記録!$D$5:$D$204)) | G7: =IF($C7=0,"—",IF($F7<=$B7,"達成","あと"&ROUND($F7-$B7,1)&"分"))
A8: 2階平面図 | B8: 30 | C8: =COUNTIFS(記録!$B:$B,$A8,記録!$D:$D,">0") | D8: =IF($C8=0,"",MINIFS(記録!$D:$D,記録!$B:$B,$A8)) | E8: =IF($C8=0,"",ROUND(AVERAGEIFS(記録!$D:$D,記録!$B:$B,$A8,記録!$D:$D,">0"),1)) | F8: =IF($C8=0,"",LOOKUP(2,1/((記録!$B$5:$B$204=$A8)*(記録!$D$5:$D$204>0)),記録!$D$5:$D$204)) | G8: =IF($C8=0,"—",IF($F8<=$B8,"達成","あと"&ROUND($F8-$B8,1)&"分"))
A9: 3階平面図 | B9: 25 | C9: =COUNTIFS(記録!$B:$B,$A9,記録!$D:$D,">0") | D9: =IF($C9=0,"",MINIFS(記録!$D:$D,記録!$B:$B,$A9)) | E9: =IF($C9=0,"",ROUND(AVERAGEIFS(記録!$D:$D,記録!$B:$B,$A9,記録!$D:$D,">0"),1)) | F9: =IF($C9=0,"",LOOKUP(2,1/((記録!$B$5:$B$204=$A9)*(記録!$D$5:$D$204>0)),記録!$D$5:$D$204)) | G9: =IF($C9=0,"—",IF($F9<=$B9,"達成","あと"&ROUND($F9-$B9,1)&"分"))
A10: 床伏図兼小屋伏図 | B10: 35 | C10: =COUNTIFS(記録!$B:$B,$A10,記録!$D:$D,">0") | D10: =IF($C10=0,"",MINIFS(記録!$D:$D,記録!$B:$B,$A10)) | E10: =IF($C10=0,"",ROUND(AVERAGEIFS(記録!$D:$D,記録!$B:$B,$A10,記録!$D:$D,">0"),1)) | F10: =IF($C10=0,"",LOOKUP(2,1/((記録!$B$5:$B$204=$A10)*(記録!$D$5:$D$204>0)),記録!$D$5:$D$204)) | G10: =IF($C10=0,"—",IF($F10<=$B10,"達成","あと"&ROUND($F10-$B10,1)&"分"))
A11: 立面図 | B11: 20 | C11: =COUNTIFS(記録!$B:$B,$A11,記録!$D:$D,">0") | D11: =IF($C11=0,"",MINIFS(記録!$D:$D,記録!$B:$B,$A11)) | E11: =IF($C11=0,"",ROUND(AVERAGEIFS(記録!$D:$D,記録!$B:$B,$A11,記録!$D:$D,">0"),1)) | F11: =IF($C11=0,"",LOOKUP(2,1/((記録!$B$5:$B$204=$A11)*(記録!$D$5:$D$204>0)),記録!$D$5:$D$204)) | G11: =IF($C11=0,"—",IF($F11<=$B11,"達成","あと"&ROUND($F11-$B11,1)&"分"))
A12: 部分詳細図1/20 | B12: 25 | C12: =COUNTIFS(記録!$B:$B,$A12,記録!$D:$D,">0") | D12: =IF($C12=0,"",MINIFS(記録!$D:$D,記録!$B:$B,$A12)) | E12: =IF($C12=0,"",ROUND(AVERAGEIFS(記録!$D:$D,記録!$B:$B,$A12,記録!$D:$D,">0"),1)) | F12: =IF($C12=0,"",LOOKUP(2,1/((記録!$B$5:$B$204=$A12)*(記録!$D$5:$D$204>0)),記録!$D$5:$D$204)) | G12: =IF($C12=0,"—",IF($F12<=$B12,"達成","あと"&ROUND($F12-$B12,1)&"分"))
A13: 面積表 | B13: 5 | C13: =COUNTIFS(記録!$B:$B,$A13,記録!$D:$D,">0") | D13: =IF($C13=0,"",MINIFS(記録!$D:$D,記録!$B:$B,$A13)) | E13: =IF($C13=0,"",ROUND(AVERAGEIFS(記録!$D:$D,記録!$B:$B,$A13,記録!$D:$D,">0"),1)) | F13: =IF($C13=0,"",LOOKUP(2,1/((記録!$B$5:$B$204=$A13)*(記録!$D$5:$D$204>0)),記録!$D$5:$D$204)) | G13: =IF($C13=0,"—",IF($F13<=$B13,"達成","あと"&ROUND($F13-$B13,1)&"分"))
A14: 通し（5時間） | B14: 300 | C14: =COUNTIFS(記録!$B:$B,$A14,記録!$D:$D,">0") | D14: =IF($C14=0,"",MINIFS(記録!$D:$D,記録!$B:$B,$A14)) | E14: =IF($C14=0,"",ROUND(AVERAGEIFS(記録!$D:$D,記録!$B:$B,$A14,記録!$D:$D,">0"),1)) | F14: =IF($C14=0,"",LOOKUP(2,1/((記録!$B$5:$B$204=$A14)*(記録!$D$5:$D$204>0)),記録!$D$5:$D$204)) | G14: =IF($C14=0,"—",IF($F14<=$B14,"達成","あと"&ROUND($F14-$B14,1)&"分"))

Sheet 本番の流れ
A1: 本番 5時間の流れ（2026年9月13日 11:00〜16:00）
A3: 時刻 | B3: やること | C3: 分 | D3: 終わっていないと危ないライン
A4: 11:00 | B4: 読み取り・条件の書き出し | C4: 25 | D4: 11:25までに条件表が埋まっている
A5: 11:25 | B5: エスキス | C5: 60 | D5: 12:25までに間取りが決まっている
A6: 12:25 | B6: 記述（先に片づける） | C6: 25 | D6: 12:50までに記述は全部埋める
A7: 12:50 | B7: 1階平面図 兼 配置図 | C7: 40 | D7: 13:30
A8: 13:30 | B8: 2階平面図 | C8: 30 | D8: 14:00
A9: 14:00 | B9: 3階平面図 | C9: 25 | D9: 14:25
A10: 14:25 | B10: 床伏図 兼 小屋伏図 | C10: 35 | D10: 15:00
A11: 15:00 | B11: 立面図 | C11: 20 | D11: 15:20
A12: 15:20 | B12: 部分詳細図 1/20 | C12: 25 | D12: 15:45
A13: 15:45 | B13: 最終確認（ランクⅣの6項目） | C13: 15 | D13: 16:00 終了
A16: ※ 記述を先にやるのは、あとに回すと必ず時間が足りなくなるから。図面は雑でも点が残るが、記述の白紙はまるごと失点。
A18: 最後の15分でみるところ（ランクⅣ回避）
A19: □ 木造3階建てになっているか（構造・階数の指定どおりか）
A20: □ 図面6枚＋面積表＋記述、⑴〜⑻すべて描き終わっているか（1つでも未完成なら不合格）
A21: □ 平面図と伏図で柱の位置が合っているか
A22: □ 面積表の数字が条件に合っているか
A23: □ 要求された部屋がすべてあるか・階を間違えていないか
A24: □ 各階に階段があるか／全部の部屋に入れるか
A25: □ 室名・寸法・方位・縮尺を書き忘れていないか
